{
  "next_water_time":1518639163.072761,
  "next_water_time_length":1,
  "next_light_time":1518639163.072761,
  "next_light_time_length":1800
}
